filepath,label,parent_id
raw/clean/basalte/basalte_0063.png,basalte,basalte_0063
raw/clean/basalte/basalte_0049.jpg,basalte,basalte_0049
raw/clean/basalte/basalte_0030.jpg,basalte,basalte_0030
raw/clean/basalte/basalte_0026.jpg,basalte,basalte_0026
raw/clean/basalte/basalte_0008.jpg,basalte,basalte_0008
raw/clean/basalte/basalte_0047.jpg,basalte,basalte_0047
raw/clean/basalte/basalte_0058.png,basalte,basalte_0058
raw/clean/basalte/basalte_0032.jpg,basalte,basalte_0032
raw/clean/basalte/basalte_0017.png,basalte,basalte_0017
raw/clean/basalte/basalte_0050.jpeg,basalte,basalte_0050
raw/clean/basalte/basalte_0010.jpg,basalte,basalte_0010
raw/clean/basalte/basalte_0034.jpg,basalte,basalte_0034
raw/clean/basalte/basalte_0034_1.jpg,basalte,basalte_0034
raw/clean/basalte/basalte_0034_2.jpg,basalte,basalte_0034
raw/clean/basalte/basalte_0034_3.jpg,basalte,basalte_0034
raw/clean/basalte/basalte_0034_4.jpg,basalte,basalte_0034
raw/clean/basalte/basalte_0031.jpg,basalte,basalte_0031
raw/clean/basalte/basalte_0021.jpg,basalte,basalte_0021
raw/clean/basalte/basalte_0019.jpg,basalte,basalte_0019
raw/clean/basalte/basalte_0054.jpg,basalte,basalte_0054
raw/clean/basalte/basalte_0024.jpg,basalte,basalte_0024
raw/clean/basalte/basalte_0046.jpg,basalte,basalte_0046
raw/clean/basalte/basalte_0045.jpg,basalte,basalte_0045
raw/clean/basalte/basalte_0061.png,basalte,basalte_0061
raw/clean/basalte/basalte_0020.jpg,basalte,basalte_0020
raw/clean/basalte/basalte_0023.jpg,basalte,basalte_0023
raw/clean/basalte/basalte_0012.jpg,basalte,basalte_0012
raw/clean/basalte/basalte_0040.jpg,basalte,basalte_0040
raw/clean/basalte/basalte_0043.jpg,basalte,basalte_0043
raw/clean/basalte/basalte_0052.jpg,basalte,basalte_0052
raw/clean/basalte/basalte_0065.jpg,basalte,basalte_0065
raw/clean/basalte/basalte_0041.jpg,basalte,basalte_0041
raw/clean/basalte/basalte_0025.jpg,basalte,basalte_0025
raw/clean/basalte/basalte_0059.png,basalte,basalte_0059
raw/clean/basalte/basalte_0005.jpg,basalte,basalte_0005
raw/clean/basalte/basalte_0037.jpg,basalte,basalte_0037
raw/clean/basalte/basalte_0022.jpg,basalte,basalte_0022
raw/clean/basalte/basalte_0053.jpg,basalte,basalte_0053
raw/clean/basalte/basalte_0011.jpg,basalte,basalte_0011
raw/clean/basalte/basalte_0011_1.jpg,basalte,basalte_0011
raw/clean/basalte/basalte_0011_2.jpg,basalte,basalte_0011
raw/clean/basalte/basalte_0001.jpg,basalte,basalte_0001
raw/clean/basalte/basalte_0018.jpg,basalte,basalte_0018
raw/clean/basalte/basalte_0029.jpg,basalte,basalte_0029
raw/clean/basalte/basalte_0057.jpg,basalte,basalte_0057
raw/clean/basalte/basalte_0027.jpg,basalte,basalte_0027
raw/clean/basalte/basalte_0056.png,basalte,basalte_0056
raw/clean/basalte/basalte_0042.jpg,basalte,basalte_0042
raw/clean/basalte/basalte_0013.jpg,basalte,basalte_0013
raw/clean/basalte/basalte_0013_1.jpg,basalte,basalte_0013
raw/clean/basalte/basalte_0013_2.jpg,basalte,basalte_0013
raw/clean/basalte/basalte_0013_3.jpg,basalte,basalte_0013
raw/clean/basalte/basalte_0064.jpg,basalte,basalte_0064
raw/clean/basalte/basalte_0051.jpg,basalte,basalte_0051
raw/clean/basalte/basalte_0039.jpg,basalte,basalte_0039
raw/clean/calcaire/calcaire_0023.png,calcaire,calcaire_0023
raw/clean/calcaire/calcaire_0019.png,calcaire,calcaire_0019
raw/clean/calcaire/calcaire_0011.png,calcaire,calcaire_0011
raw/clean/calcaire/calcaire_0051.jpg,calcaire,calcaire_0051
raw/clean/calcaire/calcaire_0075.jpg,calcaire,calcaire_0075
raw/clean/calcaire/calcaire_0020.png,calcaire,calcaire_0020
raw/clean/calcaire/calcaire_0007.png,calcaire,calcaire_0007
raw/clean/calcaire/calcaire_0031.png,calcaire,calcaire_0031
raw/clean/calcaire/calcaire_0024.png,calcaire,calcaire_0024
raw/clean/calcaire/calcaire_0001.png,calcaire,calcaire_0001
raw/clean/calcaire/calcaire_0071.jpg,calcaire,calcaire_0071
raw/clean/calcaire/calcaire_0068.jpg,calcaire,calcaire_0068
raw/clean/calcaire/calcaire_0076.jpg,calcaire,calcaire_0076
raw/clean/calcaire/calcaire_0039.jpg,calcaire,calcaire_0039
raw/clean/calcaire/calcaire_0038.jpg,calcaire,calcaire_0038
raw/clean/calcaire/calcaire_0033.png,calcaire,calcaire_0033
raw/clean/calcaire/calcaire_0079.jpg,calcaire,calcaire_0079
raw/clean/calcaire/calcaire_0061.jpg,calcaire,calcaire_0061
raw/clean/calcaire/calcaire_0042.jpg,calcaire,calcaire_0042
raw/clean/calcaire/calcaire_0006.png,calcaire,calcaire_0006
raw/clean/calcaire/calcaire_0043.jpg,calcaire,calcaire_0043
raw/clean/calcaire/calcaire_0029.png,calcaire,calcaire_0029
raw/clean/calcaire/calcaire_0052.jpg,calcaire,calcaire_0052
raw/clean/calcaire/calcaire_0002.png,calcaire,calcaire_0002
raw/clean/calcaire/calcaire_0025.png,calcaire,calcaire_0025
raw/clean/calcaire/calcaire_0053.jpg,calcaire,calcaire_0053
raw/clean/calcaire/calcaire_0070.jpg,calcaire,calcaire_0070
raw/clean/calcaire/calcaire_0034_1.jpg,calcaire,calcaire_0034
raw/clean/calcaire/calcaire_0034_2.jpg,calcaire,calcaire_0034
raw/clean/calcaire/calcaire_0034_3.jpg,calcaire,calcaire_0034
raw/clean/calcaire/calcaire_0034_4.jpg,calcaire,calcaire_0034
raw/clean/calcaire/calcaire_0072.jpg,calcaire,calcaire_0072
raw/clean/calcaire/calcaire_0008.png,calcaire,calcaire_0008
raw/clean/calcaire/calcaire_0012.png,calcaire,calcaire_0012
raw/clean/calcaire/calcaire_0040.jpg,calcaire,calcaire_0040
raw/clean/calcaire/calcaire_0028.png,calcaire,calcaire_0028
raw/clean/calcaire/calcaire_0057.jpg,calcaire,calcaire_0057
raw/clean/calcaire/calcaire_0016.png,calcaire,calcaire_0016
raw/clean/calcaire/calcaire_0009.png,calcaire,calcaire_0009
raw/clean/calcaire/calcaire_0017.png,calcaire,calcaire_0017
raw/clean/calcaire/calcaire_0069.jpg,calcaire,calcaire_0069
raw/clean/calcaire/calcaire_0030.png,calcaire,calcaire_0030
raw/clean/calcaire/calcaire_0073.jpg,calcaire,calcaire_0073
raw/clean/calcaire/calcaire_0067.jpg,calcaire,calcaire_0067
raw/clean/calcaire/calcaire_0062.jpg,calcaire,calcaire_0062
raw/clean/calcaire/calcaire_0064.jpg,calcaire,calcaire_0064
raw/clean/calcaire/calcaire_0037.jpg,calcaire,calcaire_0037
raw/clean/calcaire/calcaire_0014.png,calcaire,calcaire_0014
raw/clean/calcaire/calcaire_0005.png,calcaire,calcaire_0005
raw/clean/calcaire/calcaire_0063.jpg,calcaire,calcaire_0063
raw/clean/calcaire/calcaire_0026.png,calcaire,calcaire_0026
raw/clean/calcaire/calcaire_0056.jpg,calcaire,calcaire_0056
raw/clean/calcaire/calcaire_0003.png,calcaire,calcaire_0003
raw/clean/calcaire/calcaire_0058.jpg,calcaire,calcaire_0058
raw/clean/calcaire/calcaire_0004.png,calcaire,calcaire_0004
raw/clean/calcaire/calcaire_0055.jpg,calcaire,calcaire_0055
raw/clean/calcaire/calcaire_0050.jpg,calcaire,calcaire_0050
raw/clean/calcaire/calcaire_0054.jpeg,calcaire,calcaire_0054
raw/clean/granite/granite_0049.jpg,granite,granite_0049
raw/clean/granite/granite_0050.jpg,granite,granite_0050
raw/clean/granite/granite_0050_1.jpg,granite,granite_0050
raw/clean/granite/granite_0050_2.jpg,granite,granite_0050
raw/clean/granite/granite_0050_3.jpg,granite,granite_0050
raw/clean/granite/granite_0050_4.jpg,granite,granite_0050
raw/clean/granite/granite_0010.jpg,granite,granite_0010
raw/clean/granite/granite_0044.jpg,granite,granite_0044
raw/clean/granite/granite_0053.jpg,granite,granite_0053
raw/clean/granite/granite_0071.jpg,granite,granite_0071
raw/clean/granite/granite_0007.jpg,granite,granite_0007
raw/clean/granite/granite_0038.jpg,granite,granite_0038
raw/clean/granite/granite_0041.jpg,granite,granite_0041
raw/clean/granite/granite_0025.jpg,granite,granite_0025
raw/clean/granite/granite_0068.jpg,granite,granite_0068
raw/clean/granite/granite_0030.jpg,granite,granite_0030
raw/clean/granite/granite_0029.jpg,granite,granite_0029
raw/clean/granite/granite_0064.jpg,granite,granite_0064
raw/clean/granite/granite_0033.jpeg,granite,granite_0033
raw/clean/granite/granite_0027.jpg,granite,granite_0027
raw/clean/granite/granite_0075.jpg,granite,granite_0075
raw/clean/granite/granite_0018.jpg,granite,granite_0018
raw/clean/granite/granite_0019.jpg,granite,granite_0019
raw/clean/granite/granite_0066.jpg,granite,granite_0066
raw/clean/granite/granite_0040.jpg,granite,granite_0040
raw/clean/granite/granite_0003.jpg,granite,granite_0003
raw/clean/granite/granite_0061.jpg,granite,granite_0061
raw/clean/granite/granite_0062.jpg,granite,granite_0062
raw/clean/granite/granite_0058.jpg,granite,granite_0058
raw/clean/granite/granite_0079.JPG,granite,granite_0079
raw/clean/granite/granite_0072.jpg,granite,granite_0072
raw/clean/granite/granite_0015.jpg,granite,granite_0015
raw/clean/granite/granite_0012.jpg,granite,granite_0012
raw/clean/granite/granite_0067.jpg,granite,granite_0067
raw/clean/granite/granite_0022.jpg,granite,granite_0022
raw/clean/granite/granite_0070.jpg,granite,granite_0070
raw/clean/granite/granite_0056.jpg,granite,granite_0056
raw/clean/granite/granite_0013.jpg,granite,granite_0013
raw/clean/granite/granite_0046.jpeg,granite,granite_0046
raw/clean/granite/granite_0073.png,granite,granite_0073
raw/clean/granite/granite_0028.jpg,granite,granite_0028
raw/clean/granite/granite_0077.jpg,granite,granite_0077
raw/clean/granite/granite_0017.jpg,granite,granite_0017
raw/clean/granite/granite_0011.jpg,granite,granite_0011
raw/clean/granite/granite_0036.jpg,granite,granite_0036
raw/clean/granite/granite_0031.jpg,granite,granite_0031
raw/clean/granite/granite_0043.jpg,granite,granite_0043
raw/clean/granite/granite_0045.jpeg,granite,granite_0045
raw/clean/granite/granite_0009.jpg,granite,granite_0009
raw/clean/granite/granite_0035.jpeg,granite,granite_0035
raw/clean/granite/granite_0005.jpg,granite,granite_0005
raw/clean/granite/granite_0032.jpg,granite,granite_0032
raw/clean/granite/granite_0047.jpg,granite,granite_0047
raw/clean/granite/granite_0051.jpg,granite,granite_0051
raw/clean/granite/granite_0006.jpg,granite,granite_0006
raw/clean/granite/granite_0037.jpg,granite,granite_0037
raw/clean/granite/granite_0055.jpg,granite,granite_0055
raw/clean/granite/granite_0004.jpg,granite,granite_0004
raw/clean/granite/granite_0016.jpg,granite,granite_0016
raw/clean/granite/granite_0069.jpg,granite,granite_0069
raw/clean/gres/gres_0034.jpg,gres,gres_0034
raw/clean/gres/gres_0005.jpg,gres,gres_0005
raw/clean/gres/gres_0038.jpg,gres,gres_0038
raw/clean/gres/gres_0036.jpg,gres,gres_0036
raw/clean/gres/gres_0033.jpg,gres,gres_0033
raw/clean/gres/gres_0012.jpg,gres,gres_0012
raw/clean/gres/gres_0010.jpg,gres,gres_0010
raw/clean/gres/gres_0011.jpg,gres,gres_0011
raw/clean/gres/gres_0020.jpg,gres,gres_0020
raw/clean/gres/gres_0019.jpg,gres,gres_0019
raw/clean/gres/gres_0025.jpg,gres,gres_0025
raw/clean/gres/gres_0063.jpg,gres,gres_0063
raw/clean/gres/gres_0055.jpg,gres,gres_0055
raw/clean/gres/gres_0064.jpg,gres,gres_0064
raw/clean/gres/gres_0059.jpg,gres,gres_0059
raw/clean/gres/gres_0044_1.jpg,gres,gres_0044
raw/clean/gres/gres_0044_2.jpg,gres,gres_0044
raw/clean/gres/gres_0044_3.jpg,gres,gres_0044
raw/clean/gres/gres_0044_4.jpg,gres,gres_0044
raw/clean/gres/gres_0044_5.jpg,gres,gres_0044
raw/clean/gres/gres_0044_6.jpg,gres,gres_0044
raw/clean/gres/gres_0045.jpg,gres,gres_0045
raw/clean/gres/gres_0039.jpg,gres,gres_0039
raw/clean/gres/gres_0001.jpg,gres,gres_0001
raw/clean/gres/gres_0024.jpg,gres,gres_0024
raw/clean/gres/gres_0021.jpg,gres,gres_0021
raw/clean/gres/gres_0002.jpg,gres,gres_0002
raw/clean/gres/gres_0040.jpg,gres,gres_0040
raw/clean/gres/gres_0018.jpg,gres,gres_0018
raw/clean/gres/gres_0046.jpg,gres,gres_0046
raw/clean/gres/gres_0003.jpg,gres,gres_0003
raw/clean/gres/gres_0008.jpg,gres,gres_0008
raw/clean/gres/gres_0015.jpg,gres,gres_0015
raw/clean/gres/gres_0032.jpg,gres,gres_0032
raw/clean/gres/gres_0006.jpg,gres,gres_0006
raw/clean/gres/gres_0014.jpg,gres,gres_0014
raw/clean/gres/gres_0009.jpg,gres,gres_0009
raw/clean/gres/gres_0029.jpg,gres,gres_0029
raw/clean/gres/gres_0035.jpg,gres,gres_0035
raw/clean/gres/gres_0054.jpg,gres,gres_0054
raw/clean/gres/gres_0061.jpeg,gres,gres_0061
raw/clean/gres/gres_0041.jpg,gres,gres_0041
raw/clean/gres/gres_0022.jpg,gres,gres_0022
raw/clean/gres/gres_0026.jpg,gres,gres_0026
raw/clean/gres/gres_0049.jpeg,gres,gres_0049
raw/clean/gres/gres_0050.jpg,gres,gres_0050
raw/clean/gres/gres_0042.jpg,gres,gres_0042
raw/clean/gres/gres_0004.jpg,gres,gres_0004
raw/clean/gres/gres_0030.jpg,gres,gres_0030
raw/clean/gres/gres_0053.jpg,gres,gres_0053
raw/clean/gres/gres_0048_1.jpg,gres,gres_0048
raw/clean/gres/gres_0048_2.jpg,gres,gres_0048
raw/clean/schiste/schiste_0055.png,schiste,schiste_0055
raw/clean/schiste/schiste_0001.png,schiste,schiste_0001
raw/clean/schiste/schiste_0024.jpg,schiste,schiste_0024
raw/clean/schiste/schiste_0057.png,schiste,schiste_0057
raw/clean/schiste/schiste_0027.png,schiste,schiste_0027
raw/clean/schiste/schiste_0056.png,schiste,schiste_0056
raw/clean/schiste/schiste_0042.jpg,schiste,schiste_0042
raw/clean/schiste/schiste_0022.jpg,schiste,schiste_0022
raw/clean/schiste/schiste_0007.png,schiste,schiste_0007
raw/clean/schiste/schiste_0037.png,schiste,schiste_0037
raw/clean/schiste/schiste_0015.png,schiste,schiste_0015
raw/clean/schiste/schiste_0059.png,schiste,schiste_0059
raw/clean/schiste/schiste_0049.jpg,schiste,schiste_0049
raw/clean/schiste/schiste_0018.png,schiste,schiste_0018
raw/clean/schiste/schiste_0030.png,schiste,schiste_0030
raw/clean/schiste/schiste_0009.png,schiste,schiste_0009
raw/clean/schiste/schiste_0039.jpg,schiste,schiste_0039
raw/clean/schiste/schiste_0017.png,schiste,schiste_0017
raw/clean/schiste/schiste_0023.jpg,schiste,schiste_0023
raw/clean/schiste/schiste_0026.png,schiste,schiste_0026
raw/clean/schiste/schiste_0052.JPG,schiste,schiste_0052
raw/clean/schiste/schiste_0003.png,schiste,schiste_0003
raw/clean/schiste/schiste_0025.png,schiste,schiste_0025
raw/clean/schiste/schiste_0002.png,schiste,schiste_0002
raw/clean/schiste/schiste_0020.jpg,schiste,schiste_0020
raw/clean/schiste/schiste_0028.png,schiste,schiste_0028
raw/clean/schiste/schiste_0008.png,schiste,schiste_0008
raw/clean/schiste/schiste_0053.jpg,schiste,schiste_0053
raw/clean/schiste/schiste_0029.png,schiste,schiste_0029
raw/clean/schiste/schiste_0058.png,schiste,schiste_0058
raw/clean/schiste/schiste_0054.png,schiste,schiste_0054
raw/clean/schiste/schiste_0016.png,schiste,schiste_0016
raw/clean/schiste/schiste_0040.jpg,schiste,schiste_0040
raw/clean/schiste/schiste_0005.png,schiste,schiste_0005
raw/clean/schiste/schiste_0012.png,schiste,schiste_0012
raw/clean/schiste/schiste_0006.png,schiste,schiste_0006
raw/clean/schiste/schiste_0041.jpg,schiste,schiste_0041
raw/clean/schiste/schiste_0044.jpg,schiste,schiste_0044
raw/clean/schiste/schiste_0011.png,schiste,schiste_0011
raw/clean/schiste/schiste_0034.png,schiste,schiste_0034
raw/clean/schiste/schiste_0033.png,schiste,schiste_0033
raw/clean/schiste/schiste_0031.png,schiste,schiste_0031
raw/clean/schiste/schiste_0050.jpg,schiste,schiste_0050
raw/clean/schiste/schiste_0063.jpg,schiste,schiste_0063
